{
  "project_info": {
    "project_number": "499089826402",
    "project_id": "medic-75e63",
    "storage_bucket": "medic-75e63.appspot.com"
  },
  "client": [
    {
      "client_info": {
        "mobilesdk_app_id": "1:499089826402:android:877d08e0d2a747f8f9a73b",
        "android_client_info": {
          "package_name": "com.blogspot.thengnet.medic"
        }
      },
      "oauth_client": [
        {
          "client_id": "499089826402-segpjol0l4jlvf56ur5tdm5bq5bdbk9n.apps.googleusercontent.com",
          "client_type": 1,
          "android_info": {
            "package_name": "com.blogspot.thengnet.medic",
            "certificate_hash": "b18930c5c278fef6ba401daa314ea367bca346df"
          }
        },
        {
          "client_id": "499089826402-euv6j9b6pq9309hp5vh84g5v92nk8q0n.apps.googleusercontent.com",
          "client_type": 3
        }
      ],
      "api_key": [
        {
          "current_key": "AIzaSyBCPpxVkHihBjWVOMGhYXmgcTZCM3BgfVU"
        }
      ],
      "services": {
        "appinvite_service": {
          "other_platform_oauth_client": [
            {
              "client_id": "499089826402-euv6j9b6pq9309hp5vh84g5v92nk8q0n.apps.googleusercontent.com",
              "client_type": 3
            }
          ]
        }
      }
    }
  ],
  "configuration_version": "1"
}